{
  "project_info": {
    "project_number": "707571210872",
    "firebase_url": "https://cuartoa-7edd9-default-rtdb.firebaseio.com",
    "project_id": "cuartoa-7edd9",
    "storage_bucket": "cuartoa-7edd9.appspot.com"
  },
  "client": [
    {
      "client_info": {
        "mobilesdk_app_id": "1:707571210872:android:3f08857968226bdd1bab8d",
        "android_client_info": {
          "package_name": "com.example.authentication"
        }
      },
      "oauth_client": [
        {
          "client_id": "707571210872-aou8datb1vbnbg40n3cj4ccpv5898kig.apps.googleusercontent.com",
          "client_type": 1,
          "android_info": {
            "package_name": "com.example.authentication",
            "certificate_hash": "4d702b2df735e80b991cef3cdeca98c9f332b3bd"
          }
        },
        {
          "client_id": "707571210872-dcbo75tkpvlaopt1ie8g6o8c86l5qspa.apps.googleusercontent.com",
          "client_type": 3
        }
      ],
      "api_key": [
        {
          "current_key": "AIzaSyBMzQUHUHddCGq6p52jMnTtIKc_8EqWlG4"
        }
      ],
      "services": {
        "appinvite_service": {
          "other_platform_oauth_client": [
            {
              "client_id": "707571210872-dcbo75tkpvlaopt1ie8g6o8c86l5qspa.apps.googleusercontent.com",
              "client_type": 3
            }
          ]
        }
      }
    }
  ],
  "configuration_version": "1"
}